{
  "XRayModule": {
    "Heres_Fangy": 63722555882.077705
  },
  "planets": {
    "SaNoyTwooch": 63722557563.107918
  },
  "matchematics": {
    "SaNoyTwooch": 63722557565.841652,
    "krispyalliance52133": 63724975266.396355,
    "Cyber12": 63724979082.781029
  },
  "SimonSpeaksModule": {
    "ShadowMeowMeow": 63723071967.562675
  },
  "TheGamepadModule": {
    "ktane1": 63723072008.180374
  },
  "polygons": {
    "ShadowMeowMeow": 63723072102.936447
  },
  "Emoji Math": {
    "ktane1": 63723072221.158539
  },
  "cube": {
    "Dbros1000": 63723072236.429283
  },
  "widdershins": {
    "ktane1": 63723072261.7754,
    "jjroccss": 63726258040.562508
  },
  "loopover": {
    "SaNoyTwooch": 63723072263.541527,
    "epictho": 63724974589.125031
  },
  "blueArrowsModule": {
    "ShadowMeowMeow": 63723072403.66674
  },
  "ForgetTheColors": {
    "ShadowMeowMeow": 63723073262.668953
  },
  "neutralization": {
    "Dbros1000": 63723073269.219444
  },
  "KnowYourWay": {
    "Dbros1000": 63723073273.150581
  },
  "luckyDice": {
    "ShadowMeowMeow": 63723073582.053322,
    "SaNoyTwooch": 63723073521.557686
  },
  "blueCipher": {
    "Dbros1000": 63723073279.800011,
    "xarata98": 63724974311.96563
  },
  "Logic": {
    "Dbros1000": 63723073513.845284
  },
  "X01": {
    "SaNoyTwooch": 63723073553.932007,
    "garuda2002": 63725211072.159012
  },
  "yellowArrowsModule": {
    "ShadowMeowMeow": 63723073582.942467
  },
  "safetySquare": {
    "Dbros1000": 63723074046.214439,
    "short_c1rcu1t": 63725221486.714417
  },
  "taxReturns": {
    "Cyber12": 63724670416.294525,
    "krispyalliance52133": 63724670421.220772,
    "superpawn87": 63724670459.316963,
    "draket333": 63725205358.386559
  },
  "lousyChess": {
    "Cyber12": 63725232901.934448,
    "edan456": 63724675346.1799,
    "garuda2002": 63724675350.015526,
    "krispyalliance52133": 63724675350.557747,
    "Heres_Fangy": 63724675355.6482
  },
  "UltraStores": {
    "Cyber12": 63724974329.618813,
    "krispyalliance52133": 63724679646.059982,
    "edan456": 63724679722.751617,
    "mythers45": 63724683026.527359,
    "피씨": 63724974378.818382
  },
  "timeSignatures": {
    "Cyber12": 63724684029.90519,
    "edan456": 63724683462.038223,
    "krispyalliance52133": 63724683466.345947,
    "garuda2002": 63724687232.942207
  },
  "TheTwinModule": {
    "epictho": 63724974309.5636,
    "TheGuyThatIsWeird": 63725209146.038467
  },
  "simonStores": {
    "Dbros1000": 63724974312.324661,
    "Starbucks___employee": 63724980342.200409
  },
  "caesarCycle": {
    "xarata98": 63725223166.266548,
    "marksam32": 63724975752.173508,
    "KingMario2973": 63724976321.0248,
    "garuda2002": 63725205575.462761
  },
  "DividedSquaresModule": {
    "krispyalliance52133": 63724974315.929214
  },
  "colourcode": {
    "TheGuyThatIsWeird": 63724974316.002228,
    "mythers45": 63724980100.628929
  },
  "organizationModule": {
    "GeekYiwen": 63724980291.803818,
    "epictho": 63724975282.21244,
    "mythers45": 63724980074.213181,
    "ktane1": 63724980179.750748
  },
  "shikaku": {
    "KingMario2973": 63724974328.951767,
    "ktane1": 63724975052.8898
  },
  "BattleshipModule": {
    "krispyalliance52133": 63724974334.869621
  },
  "violetCipher": {
    "KingMario2973": 63724974338.169731,
    "TheGuyThatIsWeird": 63724975701.363632
  },
  "ColoredSquaresModule": {
    "krispyalliance52133": 63724974338.326744,
    "ktane1": 63725207011.87693
  },
  "BlackHoleModule": {
    "GeekYiwen": 63724974338.411751
  },
  "greenCipher": {
    "Dbros1000": 63724974346.624969
  },
  "ColorfulInsanity": {
    "KingMario2973": 63724974352.866333
  },
  "countdown": {
    "pikachuplays07": 63724974353.744614
  },
  "freeParking": {
    "KingMario2973": 63724974388.095413
  },
  "faultyrgbMaze": {
    "TheGuyThatIsWeird": 63724974477.100517
  },
  "VaricoloredSquaresModule": {
    "GeekYiwen": 63724974614.338112
  },
  "pwGenerator": {
    "xarata98": 63724974910.8581
  },
  "BinaryLeds": {
    "epictho": 63724975039.89016
  },
  "characterShift": {
    "GeekYiwen": 63724975172.636406,
    "TheGuyThatIsWeird": 63724975520.3952
  },
  "masyuModule": {
    "Danny7007": 63724975686.346481,
    "draket333": 63725206027.26545
  },
  "BitmapsModule": {
    "xarata98": 63724975752.16951
  },
  "pigpenCycle": {
    "KingMario2973": 63724975781.878273,
    "Starbucks___employee": 63724978504.071564,
    "피씨": 63724978868.712578
  },
  "PatternCubeModule": {
    "wilwam845": 63724975783.629387
  },
  "GameOfLifeSimple": {
    "Dbros1000": 63724975960.639465
  },
  "rgbMaze": {
    "ktane1": 63724975962.694374
  },
  "BigCircle": {
    "ktane1": 63724976116.497238
  },
  "playfairCycle": {
    "Cyber12": 63724976287.000679,
    "garuda2002": 63725205597.957008
  },
  "SquaresOfMisery": {
    "marksam32": 63724976372.5783
  },
  "doubleExpert": {
    "wilwam845": 63724977257.186279,
    "SaNoyTwooch": 63725225895.099075
  },
  "PressX": {
    "xarata98": 63724977267.361382,
    "ktane1": 63724979659.866051
  },
  "combinationLock": {
    "GeekYiwen": 63724977603.905495,
    "xarata98": 63724977752.584061,
    "pikachuplays07": 63726258087.743484
  },
  "legendreSymbol": {
    "Danny7007": 63724977846.827621,
    "ktane1": 63724978417.894936
  },
  "TheHypercubeModule": {
    "GeekYiwen": 63724978172.040649
  },
  "passportControl": {
    "피씨": 63724978200.742287
  },
  "UncoloredSquaresModule": {
    "Cyber12": 63724978490.495384
  },
  "15MysticLights": {
    "Starbucks___employee": 63724978650.844391
  },
  "TheUltracubeModule": {
    "GeekYiwen": 63724978919.953087
  },
  "sevenChooseFour": {
    "xmaster6726": 63724979507.2297,
    "draket333": 63725204479.115189,
    "BananaLord": 63725222263.486595
  },
  "MysticSquareModule": {
    "mythers45": 63724980071.717987
  },
  "intervals": {
    "garuda2002": 63725198349.131714
  },
  "chineseCounting": {
    "draket333": 63725202693.078781
  },
  "NotWhosOnFirst": {
    "draket333": 63725202693.079781
  },
  "webDesign": {
    "draket333": 63725202693.080795
  },
  "insanetalk": {
    "draket333": 63725202730.173386
  },
  "forgetItNot": {
    "draket333": 63725202999.6046
  },
  "footnotes": {
    "draket333": 63725203034.501289,
    "epictho": 63725226574.771149
  },
  "AdditionModule": {
    "draket333": 63725203092.769882
  },
  "TenButtonColorCode": {
    "draket333": 63725203140.5565,
    "epictho": 63725225857.195549
  },
  "RubiksCubeModule": {
    "draket333": 63725203201.65979
  },
  "simonSimons": {
    "draket333": 63725203279.279793
  },
  "encryptionBingo": {
    "draket333": 63725203722.101059
  },
  "troll": {
    "draket333": 63725203723.702682,
    "TurnedTrove100": 63725219752.079735
  },
  "scalarDials": {
    "draket333": 63725203730.26738,
    "edan456": 63725213923.486221
  },
  "FaultyBackgrounds": {
    "TheGuyThatIsWeird": 63725203737.93306,
    "mythers45": 63725211449.436058
  },
  "CoordinatesModule": {
    "Fartlicker777": 63725203739.10688
  },
  "instructions": {
    "TheGuyThatIsWeird": 63725203742.17746
  },
  "reorderedKeys": {
    "Fartlicker777": 63725203750.038383
  },
  "disorderedKeys": {
    "draket333": 63725204283.741005
  },
  "LEDEnc": {
    "TheGuyThatIsWeird": 63725204395.606094
  },
  "Color Decoding": {
    "Zaphod_Beeblebrox_IV": 63725204605.37439
  },
  "qkForgetPerspective": {
    "draket333": 63725205356.494553
  },
  "blackCipher": {
    "Zaphod_Beeblebrox_IV": 63725205416.224266
  },
  "RPSJudging": {
    "BananaLord": 63725205438.416809,
    "Zaphod_Beeblebrox_IV": 63725205709.307709
  },
  "KritBlackjack": {
    "BananaLord": 63725205463.355865,
    "garuda2002": 63725205866.826622,
    "draket333": 63725205968.945435
  },
  "forgetUsNot": {
    "draket333": 63725205521.29409,
    "GeekYiwen": 63725230700.025322
  },
  "spwizAdventureGame": {
    "garuda2002": 63725205582.453789,
    "TurnedTrove100": 63725215439.775055
  },
  "graffitiNumbers": {
    "garuda2002": 63725206401.8628,
    "ktane1": 63726258781.883049
  },